{"values": [ 3.74848715e-02,  9.20924358e+01,  1.22191881e+01,  4.51511060e+02,
 -3.79333941e+02, -5.52322856e+01],
 "intercept" : -98.28136683856641
}